{
  "hash": "f94993b6",
  "configHash": "d0c16683",
  "lockfileHash": "a21a3768",
  "browserHash": "5d056abd",
  "optimized": {
    "@angular/common": {
      "src": "../../../../../../node_modules/@angular/common/fesm2022/common.mjs",
      "file": "@angular_common.js",
      "fileHash": "1a8f5b64",
      "needsInterop": false
    },
    "@angular/core": {
      "src": "../../../../../../node_modules/@angular/core/fesm2022/core.mjs",
      "file": "@angular_core.js",
      "fileHash": "8029cf74",
      "needsInterop": false
    },
    "@angular/platform-browser": {
      "src": "../../../../../../node_modules/@angular/platform-browser/fesm2022/platform-browser.mjs",
      "file": "@angular_platform-browser.js",
      "fileHash": "58944ae1",
      "needsInterop": false
    },
    "@angular/platform-browser/animations": {
      "src": "../../../../../../node_modules/@angular/platform-browser/fesm2022/animations.mjs",
      "file": "@angular_platform-browser_animations.js",
      "fileHash": "79de0162",
      "needsInterop": false
    },
    "@angular/router": {
      "src": "../../../../../../node_modules/@angular/router/fesm2022/router.mjs",
      "file": "@angular_router.js",
      "fileHash": "236cf25e",
      "needsInterop": false
    }
  },
  "chunks": {
    "chunk-HNFVE3SF": {
      "file": "chunk-HNFVE3SF.js"
    },
    "chunk-6CCXCDNG": {
      "file": "chunk-6CCXCDNG.js"
    },
    "chunk-W5QGBK3I": {
      "file": "chunk-W5QGBK3I.js"
    }
  }
}